No.,Twitter Trending Hashtags,Tweet Volume
1,#APJAbdulKalam,48.4K Tweets
2,#MrPerfectThalapathyVijay,77K Tweets
3,#Reno6LiveSale,Under 10K Tweets
4,#UddhavThackerayJi,Under 10K Tweets
5,#ViratSays10MoreLPUs,Under 10K Tweets
6,अब्दुल कलाम,69.4K Tweets
7,Start Arrests In SSR Case,70.1K Tweets
8,Sipahi By Ajay Devgn,Under 10K Tweets
9,JANNAT VE OUT NOW,Under 10K Tweets
10,पूर्व राष्ट्रपति,50.9K Tweets
11,President of India,19.5K Tweets
12,Curved Display,Under 10K Tweets
13,OPPO Reno6 5G,Under 10K Tweets
14,Nadine Apetz,Under 10K Tweets
15,महान वैज्ञानिक,20.8K Tweets
16,The First Song,54K Tweets
17,Ma Long,Under 10K Tweets
18,Punya Tithi,Under 10K Tweets
19,केंद्रीय रिजर्व पुलिस,Under 10K Tweets
20,Musical,122.7K Tweets
21,Sharath Kamal,Under 10K Tweets
22,Karna,57K Tweets
23,9 Emotions,Under 10K Tweets
24,#MissileManOfIndia,11.2K Tweets
25,#SorryGullu,Under 10K Tweets
26,#BharatRatna,Under 10K Tweets
27,#HarWatchTopNotch,Under 10K Tweets
28,#HonestTaxPayerThalaAjith,17.8K Tweets
29,#tuesdayvibe,11.3K Tweets
30,#AmazonPrimeDayiQOO7Legend,Under 10K Tweets
31,#भाजपा_है_तो_खतरा_है,15.8K Tweets
32,#UPNumber1,Under 10K Tweets
33,#IndiaFirstLiveSale,Under 10K Tweets
34,#BuildYourFlagshipKiller,Under 10K Tweets
35,#tuesdaymotivations,14.3K Tweets
36,#D43FirstLookTomorrow,29.5K Tweets
37,#LovlinaBorgohain,Under 10K Tweets
38,#HappyBirthdayKritiSanon,27.5K Tweets
39,#CRPFRaisingDay,Under 10K Tweets
40,#भारत_रत्न,Under 10K Tweets
41,#AssamMizoramBorder,38K Tweets
42,#Dosti,27.5K Tweets
43,#IndiaFirstSale,Under 10K Tweets
44,#RRRMovie,77.1K Tweets
45,#DelhiRains,Under 10K Tweets
46,#Navarasa,30.1K Tweets
47,#8MonthsOfFarmersProtest,86.8K Tweets
48,#Natpu,19.2K Tweets
49,#मिसाइल_मैन,Under 10K Tweets
50,#Rollsroyce,Under 10K Tweets
