No.,Youtube trending,Details
1,Don‚Äôt Overthink while Donations üòÇ ~ Satya Narayana Pooja ~ Dushyant Kukreja #shorts #ytshorts,":11.4M Views, :646.9K Likes, :25.7K Dislikes, :6.2K Comments "
2,Depression - USA üá∫üá∏ vs Japan üáØüáµ vs India üáÆüá≥ ~ Who is Best ? Dushyant Kukreja #shorts #ytshorts,":15.6M Views, :598.5K Likes, :30.8K Dislikes, :4.9K Comments "
3,"AAJ TAK SHOW: Harbhajan Singh ‡§®‡•á ‡§ï‡§π‡§æ, ‡§ú‡•Ä‡§§‡§®‡§æ ‡§π‡•à T20 WC ‡§§‡•ã PRITHVI, ISHAN, SKY ‡§ï‡•ã ‡§®‡§ú‡§∞‡§Ö‡§Ç‡§¶‡§æ‡§ú ‡§®‡§π‡•Ä‡§Ç ‡§ï‡§∞‡§®‡§æ",":584.2K Views, :23.8K Likes, :674 Dislikes, :1.4K Comments "
4,BIMARIYAN - Rohit Zinjurke & Nita Shilimkar | Preetinder | Rajat | Vicky | Anshul Garg | LoveGen,":5.2M Views, :388.9K Likes, :18K Dislikes, :26.7K Comments "
5,New Ghar Mein Aagye üòç,":5.1M Views, :512.9K Likes, :6.5K Dislikes, :45.2K Comments "
6,ANDE KA FUNDA | ‡§Ö‡§Ç‡§°‡•á ‡§ï‡§æ ‡§´‡§Ç‡§°‡§æ | Couple Egg Roulette Challenge | Husband vs Wife | Ruchi and Piyush,":2.1M Views, :71.6K Likes, :5.4K Dislikes, :7.1K Comments "
7,"‡§¨‡§ö‡•ç‡§ö‡•á Share ‡§®‡§π‡•Ä‡§Ç ‡§ï‡§∞‡§§‡•á ? ""SHARING IS CARING"" || Mr & Mrs Chauhan",":2.5M Views, :18.8K Likes, :5.2K Dislikes, :633 Comments "
8,JOIN JAY'S FAREWELL PARTY EVENT | FREE FIRE NEW EVENT | NEW JAY PARTY EVENT | 19 JULY NEW EVENT,":242K Views, :16K Likes, :1.3K Dislikes, :1.3K Comments "
9,England v Pakistan Highlights | Pakistan Win Despite Livingstone 100! | 1st Men‚Äôs Vitality IT20 2021,":10.9M Views, :239K Likes, :10.9K Dislikes, :19.5K Comments "
10,Minecraft most epic seeds | minecraft hindi,":830.6K Views, :61.3K Likes, :1.2K Dislikes, :2.5K Comments "
11,24k Gold YouTube Toothbrush! #shorts,":9.5M Views, :594.3K Likes, :22.2K Dislikes, :4.7K Comments "
12,"Param Sundari -Official Video | Mimi | Kriti Sanon, Pankaj Tripathi | @A. R. Rahman| Shreya |Amitabh",":35.8M Views, :416.5K Likes, :21.9K Dislikes, :125K Comments "
13,England v Pakistan - Highlights | England Level The Series! | 2nd Men‚Äôs Vitality IT20 2021,":4.2M Views, :98K Likes, :3.7K Dislikes, :5.9K Comments "
14,Kannana Kanne - Weekend Promo | 19 July 2021 | Sun TV Serial | Tamil Serial,":3.8M Views, :51.1K Likes, :1.4K Dislikes, :1.5K Comments "
15,‡¥∂‡¥ø‡¥µ‡¥®‡µç ‡¥ú‡µÄ‡¥µ‡¥ø‡¥§‡¥§‡µç‡¥§‡¥ø‡¥≤‡¥æ‡¥¶‡µç‡¥Ø‡¥Æ‡¥æ‡¥Ø‡¥ø ‡¥™‡¥ø‡¥±‡¥®‡µç‡¥®‡¥æ‡µæ ‡¥Ü‡¥ò‡µã‡¥∑‡¥Ç.. ‡¥Ö‡¥§‡µÅ‡¥Ç ‡¥Ö‡¥û‡µç‡¥ú‡µÅ‡¥µ‡¥ø‡¥®‡µä‡¥™‡µç‡¥™‡¥Ç.. ‡¥∂‡¥ø‡¥µ‡¥®‡µç‡¥±‡µÜ ‡¥™‡¥ø‡¥±‡¥®‡µç‡¥®‡¥æ‡¥≥‡¥æ‡¥ò‡µã‡¥∑‡¥§‡µç‡¥§‡¥ø‡µΩ ‡¥∏‡¥æ‡¥®‡µç‡¥§‡µç‡¥µ‡¥®‡¥Ç..,":2.2M Views, :56.3K Likes, :0.9K Dislikes, :2.5K Comments "
16,Bhole Shankar Official Video || ‡§≠‡•ã‡§≤‡•á ‡§∂‡§Ç‡§ï‡§∞ || Hansraj Raghuwanshi || DJ Strings,":1.2M Views, :143.9K Likes, :1.1K Dislikes, :11K Comments "
17,Mommy Paavam || Chutti Kuzhandhai || Rowdy Baby,":701.8K Views, :16.5K Likes, :1.3K Dislikes, :0.9K Comments "
18,EMIWAY - JAWAB DE (OFFICIAL MUSIC VIDEO),":1.9M Views, :304.1K Likes, :10.7K Dislikes, :21.8K Comments "
19,"Ishan Kishan‚Äôs exclusive interview after debut in 1st ODI | #SLvIND 2nd ODI, 20th July, 2 PM on Sony",":684.4K Views, :34.8K Likes, :610 Dislikes, :1K Comments "
20,"Roar Of RRR - RRR Making | NTR, Ram Charan, Ajay Devgn, Alia Bhatt | SS Rajamouli",":9.4M Views, :531.1K Likes, :12.7K Dislikes, :40.8K Comments "
21,Kaaval Official Trailer | Suresh Gopi | Nithin Renji Panicker |Goodwill Entertainments | Joby George,":1.2M Views, :85K Likes, :2.2K Dislikes, :7.5K Comments "
22,"Indians and Bars ft. Nikhil Vijay, Apoorv Karki & Shivankit Parihar",":852.9K Views, :53.3K Likes, :2.5K Dislikes, :1.2K Comments "
23,"Taanakkaran - Official Teaser | Vikram Prabhu, Anjali Nair | Ghibran | Tamizh",":1M Views, :53.9K Likes, :721 Dislikes, :1.6K Comments "
24,Hyper Aadi & Raising Raju Performance | Jabardasth | 15th July 2021 | ETV Telugu,":6.6M Views, :155.8K Likes, :8.8K Dislikes, :6.5K Comments "
25,CLAIM FREE JAI GLOO WALL SKIN | FREE FIRE NEW EVENT JAI FAREWELL FULL DETAILS | FREE JAI GLOO WALL,":100.9K Views, :10.7K Likes, :469 Dislikes, :550 Comments "
26,Yes or No Challenge üòÇ #shorts,":4.7M Views, :135K Likes, :7.7K Dislikes, :716 Comments "
27,Naam Iruvar Namakku Iruvar | 19th to 23rd July 2021 - Promo,":2.4M Views, :48.6K Likes, :748 Dislikes, :756 Comments "
28,GRANNY 3 THE SHORT FILM : ‡§ó‡•ç‡§∞‡•à‡§®‡•Ä | HORROR GAME GRANNY : CHAPTER 2 - SLENDRINA || MOHAK MEET,":1.7M Views, :49.7K Likes, :3.5K Dislikes, :1.8K Comments "
29,Chicken Kavali // Village Comedy Video// 5 Star Laxmi // Srikanth // Venky // Md,":278.9K Views, :10.3K Likes, :830 Dislikes, :0.9K Comments "
30,Work From Home Scenario - The Life | Jump Cuts,":435.6K Views, :48K Likes, :719 Dislikes, :1.4K Comments "
31,"Barsaat Ki Dhun Teaser | Rochak K, Jubin N | Gurmeet C, Karishma S , Rashmi V | OUT On 20 JULY",":4.5M Views, :211.9K Likes, :5.5K Dislikes, :8.8K Comments "
32,‡¥µ‡µÜ‡¥±‡µÅ‡¥Ç 2 ‡¥Æ‡¥ø‡¥®‡µÅ‡¥±‡µç‡¥±‡¥ø‡µΩ ‡¥§‡µÄ ‡¥ï‡¥§‡µç‡¥§‡¥ø‡¥ï‡µç‡¥ï‡µÅ‡¥ï ‡¥™‡µã‡¥≤‡µÅ‡¥Ç ‡¥µ‡µá‡¥£‡µç‡¥ü ‡¥é‡¥§‡µç‡¥∞ ‡¥ï‡¥¥‡¥ø‡¥ö‡µç‡¥ö‡¥æ‡¥≤‡µÅ‡¥Ç ‡¥Æ‡¥§‡¥ø‡¥Ø‡¥æ‡¥ï‡¥ø‡¥≤‡µç‡¥≤ ‡¥§‡µÄ‡µº‡¥ö‡µç‡¥ö 3 ‡¥ö‡µá‡¥∞‡µÅ‡¥µ‡¥ï‡µæ SWEET SNACK,":313.3K Views, :8.2K Likes, :456 Dislikes, :716 Comments "
33,‡¥ï‡µä‡¥ö‡µç‡¥ö‡¥Æ‡µç‡¥Æ‡¥Ø‡µÅ‡¥Ç ‡¥ï‡µÅ‡¥ü‡µç‡¥ü‡¥ø‡¥™‡¥ü‡µç‡¥ü‡¥æ‡¥≥‡¥µ‡µÅ‡¥Ç PART 1| KOCHAMMAYUM KUTTIPATTALAVUM PART 1| RIMI TOMY OFFICIAL,":414.2K Views, :14.8K Likes, :284 Dislikes, :478 Comments "
34,Rocky Bhai and his army of 200 Million | KGF Chapter 2 Teaser | Hombale Films,":8.4M Views, :456.7K Likes, :10.7K Dislikes, :10.6K Comments "
35,‡§§‡•Ä‡§® ‡§õ‡•ã‡§ü‡•Ä ‡§∞‡§æ‡§ú‡§ï‡•Å‡§Æ‡§æ‡§∞‡§ø‡§Ø‡§æ‡§Å | Three Little Princesses in Hindi | Hindi Fairy Tales,":550.5K Views, :7.8K Likes, :896 Dislikes, :413 Comments "
36,‡¥™‡µÅ‡¥§‡µÅ‡¥Æ‡µã‡¥ü‡¥ø ‡¥™‡¥¥‡¥ï‡¥ø‡¥Ø‡¥Æ‡µã‡¥ü‡¥ø,":883K Views, :53.9K Likes, :1K Dislikes, :1.5K Comments "
37,3G (Telugu Mini Series) Episode 2 || Hey Pilla | CAPDT,":300.3K Views, :11.8K Likes, :262 Dislikes, :718 Comments "
38,Paavam Ganesan | 19th to 24th July 2021 - Promo,":1.7M Views, :33.5K Likes, :558 Dislikes, :370 Comments "
39,"Mithai er Divorce er por fulsajja - 19th July, Monday, 8 PM - Promo - Zee Bangla",":4.5M Views, :64.3K Likes, :2.3K Dislikes, :5K Comments "
40,Rabba | Kukku & Deepa | TheDKtales | Musical Film | Irshad Aziz | Safwan Kottakkal | Salman Faris M,":426.5K Views, :54.2K Likes, :568 Dislikes, :3.9K Comments "
41,Senthoora Poove | 19th to 23rd July 2021 - Promo,":2.7M Views, :60.7K Likes, :0.9K Dislikes, :615 Comments "
42,‡∞™‡±à‡∞°‡±á‡∞∞‡±Å ‡∞ï‡∞æ‡∞≤‡±Å‡∞µ‡∞≤‡±ã ‡∞ó‡∞Ç‡∞ó‡∞Æ‡±ç‡∞Æ ‡∞µ‡∞ø‡∞ó‡±ç‡∞∞‡∞π‡∞Ç ‡∞™‡±ç‡∞∞‡∞§‡±ç‡∞Ø‡∞ï‡±ç‡∞∑‡∞Ç | Nellore || hmtv,":769.3K Views, :14.6K Likes, :554 Dislikes, :580 Comments "
43,Kanakam Kamini Kalaham Official Teaser | Nivin Pauly | Grace Antony | Ratheesh Balakrishnan Poduval,":1.2M Views, :29.3K Likes, :690 Dislikes, :4K Comments "
44,Haryanvi Chora In Relationship || Half Engineer,":551.7K Views, :59.7K Likes, :1.3K Dislikes, :3.4K Comments "
45,Are Avneet Kaur & Siddharth Nigam in a relationship?,":795.8K Views, :49.7K Likes, :2.4K Dislikes, :5.8K Comments "
46,Boys Movie Teaser | Mitraaw Sharma | Sunny Leone | Shree Pictures,":1.6M Views, :13.6K Likes, :2K Dislikes, :0.9K Comments "
47,‡¥ï‡µç‡¥∑‡¥£‡¥ø‡¥ï‡µç‡¥ï‡¥æ‡µª ‡¥™‡¥±‡µç‡¥±‡¥æ‡¥§‡µç‡¥§‡¥§‡¥ø‡µΩ ‡¥µ‡¥≥‡¥∞‡µÜ ‡¥µ‡¥ø‡¥∑‡¥Æ‡¥Ç ‡¥â‡¥£‡µç‡¥ü‡µç | ‡¥®‡¥Æ‡µç‡¥Æ‡µÅ‡¥ü‡µÜ‡¥Ø‡µÅ‡¥Ç ‡¥™‡µç‡¥∞‡¥æ‡µº‡¥§‡µç‡¥•‡¥® ‡¥™‡¥ü‡¥ö‡µç‡¥ö‡¥µ‡µª ‡¥∏‡µç‡¥µ‡µÄ‡¥ï‡¥∞‡¥ø‡¥ö‡µç‡¥ö‡µÅ | Salu Kitchen,":371.4K Views, :0 Likes, :0 Dislikes, :2.8K Comments "
48,Vanakalam Ocheshindhi | Akhil Jackson,":694.3K Views, :50.9K Likes, :1K Dislikes, :1.6K Comments "
49,The One Life Secret You Always Wanted To Know!!! | RishGang | RishiPedia | Rishi | Tamil,":620.6K Views, :123K Likes, :652 Dislikes, :13.7K Comments "
50,‡§è‡§ï ‡§ó‡§æ‡§µ ‡§§‡•á‡§∞‡§æ ‡§≠‡§æ‡§®‡§ó‡§°‡•Ä | ‡§≠‡§æ‡§ó #160 | Ek gav tera bhangadi | EP#160 | Marathi web series,":106.4K Views, :8.9K Likes, :412 Dislikes, :510 Comments "
